name,visitors
Copenhagen,2764
Frederiksberg,442
Valby,266
Rødovre,204
Århus,188
Odense,138
Hvidovre,136
Slagelse,127
Greve,114
Roskilde,91
Ishøj,86
Hellerup,67
Vanløse,56
Brønshøj,55
Kongens Lyngby,52
Gentofte,50
Helsingør,49
Søborg,47
Ballerup,47
Kolding,45
Taastrup,45
Kastrup,43
Glostrup,42
Holbæk,41
Esbjerg,41
Charlottenlund,36
Herlev,36
Vejle,34
Varde,34
Hillerød,33
Herning,30
Køge,29
Albertslund,28
Åbybro,28
Næstved,26
Horsens,26
Fredericia,25
Virum,25
Hørsholm,23
Silkeborg,23
Viborg,22
Dragør,21
Randers,20
Birkerød,19
Vojens,19
Brøndbyvester,18
Værløse,18
Bagsværd,18
Ringsted,17
Rønne,16
Brøndby Strand,15
Solrød,15
Svendborg,15
Vedbæk,15
Nykøbing Falster,14
Skovlunde,14
Skanderborg,14
Oslo,14
Hedehusene,13
Ringe,13
Græsted,13
Holstebro,13
Viby,12
Humlebæk,12
Farum,12
Kokkedal,12
Haslev,12
Korsør,11
Pandrup,11
Middelfart,11
Søborg,11
Allerød,10
Malmö,10
Holte,10
Brabrand,10
Espergærde,9
Smørumnedre,9
Hjørring,9
Kalundborg,9
Faaborg,9
Hadsten,9
Skive,8
Vordingborg,8
Ølstykke Stationsby,8
Fredensborg,8
Rødekro,8
Hundested,8
Jyllinge,8
Sønderborg,8
Risskov,8
Nærum,7
Nordborg,7
Lynge,7
Sorø,7
Odder,7
Amager,7
Vallensbæk Strand,7
Brande,7
Frederiksværk,7
Tune,7
Hobro,6
Tjele,6
London,6
Karup,6
Aabenraa,6
Stockholm,6
Vallensbæk,6
Jægerspris,6
Thisted,6
Aalborg,5
Brussels,5
Faxe,5
Brønderslev,5
Lillerød,5
Nivå,5
Børkop,5
Højbjerg,5
Nexø,5
Haderslev,5
Göteborg,5
Helsingborg,5
Fensmark,5
Hårlev,5
Ringkøbing,4
Skælskør,4
Vrå,4
Galten,4
Nykøbing Mors,4
Nyborg,4
Helsinki,4
Ashburn,4
Vejen,4
Bjæverskov,4
Brørup,4
Tranbjerg,4
Ry,4
Karlslunde,4
Assens,4
Helsinge,4
Stenløse,4
Paris,4
Bangkok,3
Maribo,3
Hørning,3
Give,3
Gilleleje,3
Nakskov,3
Ansager,3
Vamdrup,3
Bjerringbro,3
Hasselager,3
Amsterdam,3
Madrid,3
Tikøb,3
Stege,3
Stubbekøbing,3
Aasiaat,3
Beder,3
Rødby,3
Sæby,3
Nørresundby,3
Uggerby,3
Prague,3
Athens,3
Nykøbing Sjælland,3
Kværndrup,3
Gadstrup,3
Lund,3
Hinnerup,3
Tilst,3
Søllested,3
Valencia,3
Ejby,3
Asnæs,3
Kolind,3
Gørløse,3
Herfølge,3
Hvide Sande,3
Frederikshavn,3
Hedensted,3
Rønde,3
Grenaa,3
Ørbæk,3
Marbella,3
Hanoi,3
Frankfurt (Oder),3
Sydney,3
Tønder,3
Colorado Springs,2
Siena,2
Store Merløse,2
Ejby,2
Klampenborg,2
Roslev,2
Hammel,2
Tølløse,2
Frankfurt am Main,2
Låsby,2
Gistrup,2
Kirke Hvalsø,2
Ikast,2
Berlin,2
Jyderup,2
Borås,2
Ryomgård,2
Skodsborg,2
Fjerritslev,2
Øster Svenstrup,2
Almind,2
Nuussuaq,2
Nibe,2
Gammel Lejre,2
Skødstrup,2
Holeby,2
Hammerum,2
Præstø,2
Mørkøv,2
Tourcoing,2
Dubai,2
Munich,2
Hjallerup,2
Vanløse,2
Nakhon Pathom,2
Struer,2
Kerteminde,2
Snekkersten,2
Lystrup,2
Viby,2
Barcelona,2
Østerbro,2
Slangerup,2
São Domingos de Rana,2
Toronto,2
Nørre Åby,2
Tisvildeleje,2
Metz,2
Fårevejle,2
Tbilisi,2
Lemvig,2
Aars,2
Brisbane,2
Bøvlingbjerg,2
Boeslunde,2
Holmstrup,2
Føllenslev,2
Stenstrup,2
Langeskov,2
Hamburg,2
Skibby,2
Arlandastad,2
Tommerup Stationsby,2
Glamsbjerg,2
New York City,2
Otterup,2
Myrtle Beach,2
Conway,2
Las Vegas,2
Basel,2
Varekil,2
Andratx,2
Trustrup,2
Barrit,2
Samsø,2
Geldern,1
Edegem,1
Løgstrup,1
Boydton,1
Farsø,1
Bridgwater,1
Prineville,1
Quincy,1
Sisimiut,1
Birkirkara,1
Putbus,1
Grindsted,1
Lima,1
Fagersanna,1
San Luis Obispo,1
Molde,1
Vinderup,1
Kista,1
Brædstrup,1
Guldborg,1
Milan,1
Fallbrook,1
Zagreb,1
Ulstrup,1
Washington,1
Ōtemae,1
Idestrup,1
Ølgod,1
Holsted,1
Nuuk,1
Rudkøbing,1
Cape Town,1
Hamarøy,1
Sandefjord,1
Skjern,1
Ribe,1
Dublin,1
