name,visitors
Denmark,7905
Sweden,67
United States,34
Norway,25
Spain,20
Germany,17
United Kingdom,17
France,15
Belgium,10
Italy,9
Greenland,7
Netherlands,7
Thailand,6
Finland,6
Australia,5
Czechia,4
Greece,4
Cyprus,4
Vietnam,4
Japan,3
Singapore,2
Malta,2
Ireland,2
Lao People's Democratic Republic,2
Faroe Islands,2
United Arab Emirates,2
Poland,2
Portugal,2
Canada,2
Georgia,2
Switzerland,2
Peru,1
Croatia,1
South Africa,1
Morocco,1
Tunisia,1
Hong Kong,1
Panama,1
Colombia,1
Indonesia,1
Liechtenstein,1
Luxembourg,1
Iceland,1
Kuwait,1
Slovenia,1
New Zealand,1
Mexico,1
Austria,1
Mauritius,1
Turkey,1
Uganda,1
Israel,1
Costa Rica,1
