name,unique_exits,total_exits,exit_rate
/,6967,7121,79.0
/thepc-text/,477,485,57.0
/sendes-til-pc,366,369,63.0
/barometer/,189,192,28.0
/skriv-til-the-pc/,84,85,38.0
/info/,77,78,18.0
/post/jalla-jalla/,25,25,25.0
/pc-post/,25,26,28.0
/thepc-text/jesper-248/,20,20,58.0
/post/tips-bladet-har-hort-kravet/,11,11,22.0
/the-pc-post/efter-pokalsemifinalen-var-jordan-den-eneste-spiller-der/,7,7,41.0
/the-pc-post/som-stolt-jyde-kender-du-godt-det-der-med/,7,7,31.0
/sendes-til-pc/,4,4,21.0
/the-pc-post/jordan-er-sa-god-at/,4,4,44.0
/thepc-text/2023-05-27t172327651z/,1,1,100.0
/thepc-text/2023-05-24t142459271z/,1,1,100.0
/thepc-text/jl25-376/,1,1,100.0
/thepc-text/henke-127/,1,1,100.0
/thepc-text/sektionens-smukkeste-sangstemme-333/,1,1,100.0
/thepc-text/nedre-c-banden-8/,1,1,100.0
/post/jordan-er-signet/,1,1,100.0
