name,visitors,pageviews,bounce_rate,time_on_page
/,7796,8927,82,126.0
/thepc-text/,702,848,80,91.0
/barometer/,567,671,64,22.0
/sendes-til-pc,543,579,86,48.0
/info/,363,424,50,21.0
/skriv-til-the-pc/,202,219,80,25.0
/post/jalla-jalla/,90,97,100,46.0
/pc-post/,68,92,100,35.0
/post/tips-bladet-har-hort-kravet/,42,48,,14.0
/thepc-text/jesper-248/,29,34,59,262.0
/the-pc-post/som-stolt-jyde-kender-du-godt-det-der-med/,22,22,100,134.0
/the-pc-post/efter-pokalsemifinalen-var-jordan-den-eneste-spiller-der/,17,17,,17.0
/sendes-til-pc/,13,19,50,12.0
/the-pc-post/jordan-er-sa-god-at/,9,9,100,10.0
/the-pc-post/han-kaemper-for-klubben-og-er-afgorende/,2,2,,6.0
/thepc-text/fck-fan-59/,2,2,0,17.0
/thepc-text/fck-fan-som-har-vaeret-med-fra-klubbens-start-0/,2,2,,161.0
/+,1,1,0,6.0
/post/jordan-er-signet/,1,1,,
/tag/news/,1,1,,6.0
/the-pc-post/det-er-en-no-brainer-at-kobe-larsson/,1,1,,8.0
/the-pc-post/det-kan-ikke-ga-hurtigt/,1,1,,5.0
/the-pc-post/du-ma-fa-ness-til-at-laere-sine-spillere/,1,1,,32.0
/the-pc-post/du-skal-signe-jordan-larsson-med-det-samme/,1,2,,10.0
/the-pc-post/fa-det-lige-til-at-lykkes/,1,1,,29.0
/the-pc-post/fa-nu-laederet-op-af-lommen-og-far/,1,1,,4.0
/the-pc-post/fa-skrevet-ind-i-kontrakten-at/,1,1,,81.0
/the-pc-post/find-muldvarpen-frem-og-betal/,1,1,,3.0
/the-pc-post/husk-det-er-en-trend-folg-den/,1,1,,4.0
/the-pc-post/jeg-er-ikke-sa-vild-med-svensker/,1,1,,4.0
/the-pc-post/jeg-havde-gjort-det/,1,1,,5.0
/the-pc-post/kob-ham-nu-bare-ikke-sa-meget-pjat/,1,1,,5.0
/the-pc-post/kob-han-nu-bare-som-i-lige-nu/,1,1,,5.0
/the-pc-post/naeste-gang-du-swiper-kortet-for/,1,1,,17.0
/the-pc-post/op-med-laederet/,1,1,,3.0
/the-pc-post/pc-din-skonne-mand/,1,1,,6.0
/the-pc-post/please-brug-en-masse-penge-pa-ham/,1,1,,39.0
/the-pc-post/xdet-bare-igang/,1,1,,3.0
/the-pc-post/xjl-ved-siden-af-corner/,1,1,,3.0
/the-pc-post/you-can-do-it/,1,1,,1.0
/thepc-text/20-ar-gamle-og-20-ars-fan-af-fck-august-2/,1,1,,269.0
/thepc-text/2023-05-24t142459271z/,1,1,,
/thepc-text/2023-05-25t092118633z/,1,1,,182.0
/thepc-text/2023-05-27t172327651z/,1,1,,
/thepc-text/de-hviiie-4/,1,1,,7.0
/thepc-text/fck-1/,1,1,,2.0
/thepc-text/fck-pallesen-police-123/,1,1,0,11.0
/thepc-text/fra-en-jyde-til-en-anden-7/,1,1,,3.0
/thepc-text/ham-der-raber-hojst-i-siderne-345/,1,1,,10.0
/thepc-text/henke-127/,1,1,,
/thepc-text/jl25-376/,1,1,,
/thepc-text/nedre-c-banden-8/,1,1,,
/thepc-text/ovre-c-✌️-58/,1,1,,3.0
/thepc-text/sektionens-smukkeste-sangstemme-333/,1,1,,
/thepc-text/soren-o-374/,1,1,,56.0
