name,visitors
Capital Region of Denmark,5923
Region Zealand,638
Central Denmark Region,587
Region of Southern Denmark,500
North Denmark Region,215
Skåne län,24
Oslo,14
Västra Götalands län,13
Stockholms län,13
England,12
Brussels-Capital Region,5
Virginia,5
Île-de-France,5
California,4
Nyland,4
Attica,4
Valencian Community,4
Balearic Islands,4
Catalonia,4
Andalusia,4
South Carolina,4
Krung Thep Maha Nakhon,3
Tuscany,3
Hesse,3
Lombardy,3
North Holland,3
Community of Madrid,3
Kommune Qeqertalik,3
Prague,3
Viken,3
Hauts-de-France,3
Bavaria,3
Hà Nội,3
Brandenburg,3
New South Wales,3
Colorado,2
Massachusetts,2
Berlin,2
South Holland,2
Michigan,2
Avannaata Kommunia,2
Dubayy,2
Uppsala län,2
Nakhon Pathom,2
Lisboa,2
Ontario,2
Grand-Est,2
Tbilisi,2
Queensland,2
Hamburg,2
New York,2
Nevada,2
Basel-Stadt,2
Utrecht,2
North Rhine-Westphalia,1
Flemish Region,1
Oregon,1
Qeqqata Kommunia,1
Birkirkara,1
Mecklenburg-Western Pomerania,1
Lima hatun llaqta,1
Møre og Romsdal,1
Zagreb City,1
District of Columbia,1
Osaka,1
Kommuneqarfik Sermersooq,1
Western Cape,1
Nordland,1
Vestfold og Telemark,1
Leinster,1
Marrakech-Safi,1
Rhode Island,1
Kronobergs län,1
Central and Western Hong Kong Island,1
Panamá,1
Mazovia,1
Cundinamarca,1
Washington,1
Texas,1
Bali,1
Trööndelage,1
Schaan,1
Provence-Alpes-Côte-d’Azur,1
Höfuðborgarsvæði,1
Nicosia,1
Occitanie,1
Northern Ireland,1
Bretagne,1
Lower Silesia,1
Al ‘Āşimah,1
Ljubljana,1
Auckland,1
Yucatán,1
Tyrol,1
Rivière du Rempart,1
Eskişehir,1
Scotland,1
Birkaland,1
Hồ Chí Minh,1
Chon Buri,1
Campania,1
Saxony,1
Baden-Württemberg,1
Blekinge län,1
Central,1
Illinois,1
Canary Islands,1
Nouvelle-Aquitaine,1
Veneto,1
Lazio,1
Västmanlands län,1
Larnaca,1
Alajuela,1
Limassol,1
Vestland,1
Walloon Region,1
